Rk,Player,NationFixed,Nation,Pos,Squad,AgeFixed,Age,Born,MatchesPlayed,Starts,Min,90s,Gls,Ast,G-PK,PK,PKatt,CrdY,CrdR,xG,npxG,xAG,npxG+xAG
1,Brenden Aaronson,,USA,MFFW,Leeds United,22,22-101,2000,19,19,1568,17.4,1,2,1,0,0,2,0,2.4,2.4,3.1,5.4
2,Che Adams,,GBR,FW,Southampton,26,26-202,1996,19,17,1480,16.4,4,2,4,0,0,0,0,4.6,4.6,2.5,7.1
3,Tyler Adams,,USA,MF,Leeds United,23,23-351,1999,17,17,1526,17,0,0,0,0,0,4,1,0,0,1.2,1.3
4,Tosin Adarabioyo,,GBR,DF,Fulham,25,25-129,1997,14,12,1095,12.2,1,0,1,0,0,2,0,0.2,0.2,0,0.2
5,Nayef Aguerd,,MAR,DF,West Ham,26,26-307,1996,4,3,346,3.8,0,0,0,0,0,2,0,0.5,0.5,0,0.5
6,Rayan Aït Nouri,,FRA,DF,Wolves,21,21-239,2001,15,7,786,8.7,1,0,1,0,0,2,0,0.7,0.7,1,1.7
7,Kristoffer Ajer,,NOR,DF,Brentford,24,24-289,1998,8,8,673,7.5,0,0,0,0,0,0,0,0,0,0,0.1
8,Manuel Akanji,,CHE,DF,Manchester City,27,27-196,1995,14,13,1196,13.3,0,1,0,0,0,1,0,0.5,0.5,0.1,0.6
9,Nathan Aké,,NLD,DF,Manchester City,27,27-347,1995,14,12,1066,11.8,0,0,0,0,0,0,0,0.2,0.2,0.3,0.5
10,Marc Albrighton,,GBR,FWMF,Leicester City,33,33-074,1989,6,1,237,2.6,1,0,1,0,0,0,0,0.3,0.3,0.9,1.3
11,Thiago Alcántara,,ESP,MF,Liverpool,31,31-295,1991,13,13,1070,11.9,0,0,0,0,0,2,0,0.4,0.4,1,1.4
12,Carlos Alcaraz,,ARG,MF,Southampton,20,20-062,2002,1,0,30,0.3,0,0,0,0,0,0,0,0,0,0,0
13,Trent Alexander-Arnold,,GBR,DF,Liverpool,24,24-116,1998,19,16,1351,15,1,1,1,0,0,3,0,1.3,1.3,3.8,5.1
14,Alisson,,BRA,GK,Liverpool,30,30-121,1992,19,19,1710,19,0,1,0,0,0,0,0,0,0,0.3,0.3
15,Dele Alli,,GBR,MF,Everton,26,26-295,1996,2,0,40,0.4,0,0,0,0,0,0,0,0,0,0,0
16,Miguel Almirón,,PAR,FW,Newcastle Utd,28,28-355,1994,20,20,1656,18.4,9,1,9,0,0,1,0,5.4,5.4,1.5,6.9
17,Julián Álvarez,,ARG,FWMF,Manchester City,23,23-000,2000,15,4,488,5.4,4,0,4,0,0,0,0,1.9,1.9,0.4,2.4
18,Daniel Amartey,,GHA,DF,Leicester City,28,28-041,1994,17,15,1365,15.2,0,0,0,0,0,1,0,0.1,0.1,0.5,0.6
19,Joachim Andersen,,DNK,DF,Crystal Palace,26,26-245,1996,17,17,1477,16.4,1,0,1,0,0,3,0,1.1,1.1,0.4,1.4
20,Elliot Anderson,,GBR,FWMF,Newcastle Utd,20,20-086,2002,8,0,104,1.2,0,0,0,0,0,0,0,0.5,0.5,0.5,1
21,Jaidon Anthony,,GBR,MFFW,Bournemouth,23,23-061,1999,15,5,641,7.1,3,0,3,0,0,1,0,1.3,1.3,0.4,1.8
22,Michail Antonio,,JAM,FW,West Ham,32,32-309,1990,19,9,905,10.1,2,2,2,0,0,1,0,2.5,2.5,1,3.5
23,Antony,,BRA,FW,Manchester Utd,22,22-341,2000,11,10,828,9.2,3,0,3,0,0,2,0,2.7,2.7,0.4,3.1
24,Cameron Archer,,GBR,FWMF,Aston Villa,21,21-194,2001,6,0,49,0.5,0,0,0,0,0,0,0,0,0,0,0
25,Alphonse Areola,,FRA,GK,West Ham,29,29-338,1993,2,0,107,1.2,0,0,0,0,0,0,0,0,0,0,0
26,Joe Aribo,,NGA,MFFW,Southampton,26,26-194,1996,18,11,1082,12,2,0,2,0,0,2,0,1.4,1.4,0.8,2.2
27,Adam Armstrong,,GBR,FW,Southampton,25,25-355,1997,19,12,1017,11.3,1,1,1,0,0,0,0,1.4,1.4,0.7,2.1
28,Stuart Armstrong,,GBR,MFFW,Southampton,30,30-307,1992,17,7,765,8.5,1,0,1,0,0,3,0,1.1,1.1,1.7,2.8
29,Kepa Arrizabalaga,,ESP,GK,Chelsea,28,28-120,1994,12,12,1035,11.5,0,0,0,0,0,0,0,0,0,0,0
30,Pierre-Emerick Aubameyang,,GAB,FW,Chelsea,33,33-227,1989,11,4,433,4.8,1,0,1,0,0,1,0,0.7,0.7,0.3,1
31,Ludwig Augustinsson,,SWE,DF,Aston Villa,28,28-285,1994,3,1,77,0.9,0,0,0,0,0,1,0,0.1,0.1,0,0.1
32,Serge Aurier,,CIV,DF,Nott'ham Forest,30,30-038,1992,12,11,947,10.5,1,0,1,0,0,1,0,0.5,0.5,0.8,1.3
33,Taiwo Awoniyi,,NGA,FW,Nott'ham Forest,25,25-172,1997,16,9,730,8.1,4,0,4,0,0,0,0,4.5,4.5,1,5.5
34,Jordan Ayew,,GHA,FWMF,Crystal Palace,31,31-142,1991,20,16,1335,14.8,1,1,1,0,0,1,0,1.4,1.4,1.2,2.6
35,Luke Ayling,,GBR,DF,Leeds United,31,31-159,1991,12,5,524,5.8,0,1,0,0,0,1,0,0.2,0.2,0.8,1
36,César Azpilicueta,,ESP,DF,Chelsea,33,33-156,1989,17,10,992,11,0,0,0,0,0,3,0,0.2,0.2,0.8,1
37,Benoît Badiashile,,FRA,DF,Chelsea,21,21-311,2001,2,2,180,2,0,0,0,0,0,0,0,0.3,0.3,0.4,0.7
38,Leon Bailey,,JAM,FWMF,Aston Villa,25,25-175,1997,19,16,1236,13.7,4,2,4,0,0,4,0,3.9,3.9,2.3,6.1
39,Stefan Bajcetic,,ESP,MF,Liverpool,18,18-101,2004,4,1,119,1.3,1,0,1,0,0,1,0,0.6,0.6,0.2,0.8
40,Patrick Bamford,,GBR,FW,Leeds United,29,29-148,1993,12,4,465,5.2,1,1,1,0,1,0,0,4.6,3.8,0.3,4.1
41,Shandon Baptiste,,GRN,MF,Brentford,24,24-298,1998,12,4,431,4.8,0,0,0,0,0,1,0,0.2,0.2,0.7,0.9
42,Harvey Barnes,,GBR,MFFW,Leicester City,25,25-053,1997,18,18,1516,16.8,7,0,7,0,0,0,0,5.4,5.4,0.7,6.1
43,Gavin Bazunu,,IRL,GK,Southampton,20,20-345,2002,20,20,1800,20,0,0,0,0,0,0,0,0,0,0.1,0.1
44,Mads Bech Sørensen,,DNK,DFMF,Brentford,24,24-024,1999,4,0,21,0.2,0,0,0,0,0,0,0,0,0,0,0
45,Jan Bednarek,,POL,DF,Southampton,26,26-294,1996,2,2,159,1.8,0,0,0,0,0,0,0,0.1,0.1,0.1,0.1
46,Jan Bednarek,,POL,DF,Aston Villa,26,26-294,1996,3,1,100,1.1,0,0,0,0,0,0,0,0,0,0,0
47,Donny van de Beek,,NLD,MF,Manchester Utd,25,25-288,1997,7,2,167,1.9,0,0,0,0,0,0,0,0.1,0.1,0.1,0.2
48,Asmir Begović,,BIH,GK,Everton,35,35-225,1987,1,1,90,1,0,0,0,0,0,0,0,0,0,0,0
49,Armel Bella Kotchap,,DEU,DF,Southampton,21,21-051,2001,13,13,1026,11.4,0,1,0,0,0,1,0,0.7,0.7,0.2,0.8
50,Saïd Benrahma,,DZA,FWMF,West Ham,27,27-174,1995,18,10,1054,11.7,3,1,1,2,2,0,0,3.5,1.9,1.5,3.4
51,Rodrigo Bentancur,,URY,MF,Tottenham,25,25-220,1997,16,15,1346,15,4,2,4,0,0,6,0,1.4,1.4,0.8,2.2
52,Owen Bevan,,GBR,DF,Bournemouth,19,19-097,2003,1,0,9,0.1,0,0,0,0,0,0,0,0,0,0,0
53,Giulian Biancone,,FRA,DF,Nott'ham Forest,22,22-306,2000,2,0,17,0.2,0,0,0,0,0,0,0,0,0,0,0
54,Philip Billing,,DNK,MFFW,Bournemouth,26,26-234,1996,19,17,1400,15.6,4,1,4,0,0,2,0,1.6,1.6,1.6,3.2
55,Yves Bissouma,,MLI,MF,Tottenham,26,26-154,1996,19,8,807,9,0,0,0,0,0,5,0,0.2,0.2,0.5,0.7
56,Willy Boly,,CIV,DF,Nott'ham Forest,31,31-362,1991,6,6,496,5.5,0,1,0,0,0,1,0,0,0,0.2,0.2
57,Sven Botman,,NLD,DF,Newcastle Utd,23,23-019,2000,18,17,1507,16.7,0,0,0,0,0,0,0,0.8,0.8,0.9,1.6
58,Jarrod Bowen,,GBR,FWMF,West Ham,26,26-042,1996,20,20,1790,19.9,4,0,3,1,2,1,0,6.2,5.2,2.9,8.1
59,Armando Broja,,ALB,FW,Chelsea,21,21-143,2001,12,2,294,3.3,1,0,1,0,0,0,0,0.8,0.8,0.1,0.9
60,Lewis Brunt,,GBR,DF,Leicester City,22,22-086,2000,1,0,23,0.3,0,0,0,0,0,0,0,0,0,0,0
61,Bryan,,ESP,MFFW,Tottenham,21,21-354,2001,4,2,148,1.6,0,1,0,0,0,1,0,0.1,0.1,0.2,0.3
62,Emi Buendía,,ARG,MFFW,Aston Villa,26,26-037,1996,20,12,1130,12.6,3,0,3,0,0,0,0,3.3,3.3,1.9,5.2
63,Hugo Bueno,,ESP,DF,Wolves,20,20-135,2002,11,10,821,9.1,0,1,0,0,0,1,0,0.2,0.2,0.6,0.8
64,Dan Burn,,GBR,DF,Newcastle Utd,30,30-267,1992,20,19,1674,18.6,0,0,0,0,0,2,0,0.9,0.9,0.2,1.1
65,Cafú,,PRT,MF,Nott'ham Forest,29,29-339,1993,1,0,7,0.1,0,0,0,0,0,0,0,0,0,0,0
66,Moisés Caicedo,,ECU,MF,Brighton,21,21-090,2001,18,18,1605,17.8,1,1,1,0,0,5,0,0.9,0.9,1.2,2.2
67,Tom Cairney,,GBR,MF,Fulham,32,32-011,1991,21,1,470,5.2,0,0,0,0,0,1,0,0.6,0.6,1.2,1.8
68,Duje Ćaleta-Car,,CRO,DF,Southampton,26,26-136,1996,10,7,716,8,0,0,0,0,0,1,0,0.3,0.3,0,0.3
69,Dominic Calvert-Lewin,,GBR,FW,Everton,25,25-321,1997,10,8,670,7.4,1,0,1,0,0,1,0,2,2,0.3,2.4
70,Chem Campbell,,GBR,FWMF,Wolves,20,20-032,2002,5,0,74,0.8,0,0,0,0,0,0,0,0.1,0.1,0,0.1
71,João Cancelo,,PRT,DF,Manchester City,28,28-249,1994,17,16,1274,14.2,2,1,2,0,0,3,1,0.8,0.8,0.9,1.7
72,Thomas Cannon,,IRL,FW,Everton,20,20-034,2002,2,0,25,0.3,0,0,0,0,0,0,0,0.1,0.1,0.5,0.6
73,Sergi Canós,,ESP,FWDF,Brentford,25,25-363,1997,5,0,77,0.9,0,0,0,0,0,0,0,0.1,0.1,0,0.1
74,Diego Carlos,,BRA,DF,Aston Villa,29,29-322,1993,2,2,179,2,0,0,0,0,0,0,0,0.4,0.4,0,0.4
75,Fabio Carvalho,,PRT,MFFW,Liverpool,20,20-154,2002,11,4,337,3.7,2,0,2,0,0,0,0,1.1,1.1,0.1,1.2
76,Casemiro,,BRA,MF,Manchester Utd,30,30-342,1992,16,12,1161,12.9,2,3,2,0,0,5,0,2.1,2.1,2,4
77,Matty Cash,,POL,DF,Aston Villa,25,25-177,1997,16,13,1153,12.8,0,0,0,0,0,3,0,0.2,0.2,0.7,0.9
78,Timothy Castagne,,BEL,DF,Leicester City,27,27-057,1995,19,18,1641,18.2,1,2,1,0,0,1,0,1.6,1.6,1.3,2.9
79,Jonny Castro,,ESP,DF,Wolves,28,28-334,1994,13,11,1005,11.2,0,0,0,0,0,3,0,0.3,0.3,0.4,0.7
80,Julio César Enciso,,PAR,FWMF,Brighton,19,19-008,2004,4,0,115,1.3,0,0,0,0,0,1,0,0.5,0.5,0.1,0.5
81,Nathaniel Chalobah,,GBR,MF,Fulham,28,28-050,1994,4,1,12,0.1,0,0,0,0,0,0,1,0.1,0.1,0,0.1
82,Trevoh Chalobah,,GBR,DF,Chelsea,23,23-210,1999,12,11,971,10.8,0,0,0,0,0,3,0,0.4,0.4,0.1,0.5
83,Calum Chambers,,GBR,DFMF,Aston Villa,28,28-011,1995,4,1,110,1.2,0,0,0,0,0,1,0,0,0,0,0
84,Ben Chilwell,,GBR,DFMF,Chelsea,26,26-041,1996,9,4,419,4.7,1,1,1,0,0,1,0,0.3,0.3,0.1,0.5
85,Ryan Christie,,GBR,MFFW,Bournemouth,27,27-343,1995,18,12,1006,11.2,1,0,1,0,0,1,0,1.6,1.6,0.8,2.3
86,Carney Chukwuemeka,,GBR,MFFW,Chelsea,19,19-103,2003,8,1,202,2.2,0,0,0,0,0,0,0,0.3,0.3,0.1,0.4
87,Bobby Clark,,GBR,MF,Liverpool,17,17-358,2005,1,0,8,0.1,0,0,0,0,0,0,0,0,0,0,0
88,Nathaniel Clyne,,GBR,DF,Crystal Palace,31,31-301,1991,14,12,1026,11.4,0,0,0,0,0,2,0,0,0,0.4,0.4
89,Conor Coady,,GBR,DF,Everton,29,29-340,1993,18,18,1610,17.9,1,1,1,0,0,1,0,0.6,0.6,0.3,0.9
90,Jack Colback,,GBR,MF,Nott'ham Forest,33,33-099,1989,7,1,236,2.6,0,0,0,0,0,0,0,0,0,0.2,0.2
91,Séamus Coleman,,IRL,DF,Everton,34,34-112,1988,12,9,767,8.5,0,0,0,0,0,0,0,0.2,0.2,0.2,0.4
92,Nathan Collins,,IRL,DF,Wolves,21,21-276,2001,17,17,1472,16.4,0,0,0,0,0,2,1,0,0,0.1,0.1
93,Levi Colwill,,GBR,DF,Brighton,19,19-339,2003,7,5,463,5.1,0,0,0,0,0,0,0,0.2,0.2,0.1,0.3
94,Lewis Cook,,GBR,MF,Bournemouth,25,25-362,1997,19,17,1486,16.5,0,2,0,0,0,2,0,0.2,0.2,2.2,2.4
95,Steve Cook,,GBR,DF,Nott'ham Forest,31,31-287,1991,12,11,957,10.6,0,0,0,0,0,4,0,0.1,0.1,0.6,0.7
96,Liam Cooper,,GBR,DF,Leeds United,31,31-154,1991,12,11,1016,11.3,1,0,1,0,0,2,0,1,1,0.5,1.5
97,Maxwel Cornet,,CIV,FW,West Ham,26,26-126,1996,5,1,91,1,0,0,0,0,0,0,0,0.5,0.5,0,0.5
98,Diego Costa,,ESP,FW,Wolves,34,34-116,1988,9,8,612,6.8,0,0,0,0,0,2,1,2,2,0.3,2.3
99,Vladimír Coufal,,CZE,DF,West Ham,30,30-162,1992,14,12,1112,12.4,0,0,0,0,0,3,0,0.3,0.3,1.1,1.3
100,Philippe Coutinho,,BRA,MFFW,Aston Villa,30,30-233,1992,17,6,667,7.4,0,0,0,0,0,3,0,1,1,0.3,1.3
101,Conor Coventry,,IRL,MFFW,West Ham,22,22-312,2000,1,0,1,0,0,0,0,0,0,0,0,0,0,0,0
102,Aaron Cresswell,,GBR,DF,West Ham,33,33-047,1989,18,17,1533,17,0,0,0,0,0,2,0,0.3,0.3,2.5,2.8
103,Marc Cucurella,,ESP,DF,Chelsea,24,24-193,1998,18,15,1196,13.3,0,2,0,0,0,2,0,0.4,0.4,0.4,0.8
104,Matheus Cunha,,BRA,FW,Wolves,23,23-249,1999,3,1,133,1.5,0,0,0,0,0,0,0,0.3,0.3,0.3,0.5
105,Patson Daka,,ZAM,FW,Leicester City,24,24-114,1998,17,9,706,7.8,3,3,3,0,0,2,0,2.4,2.4,2.3,4.7
106,Diogo Dalot,,PRT,DF,Manchester Utd,23,23-319,1999,14,13,1187,13.2,0,1,0,0,0,5,0,0.8,0.8,1.4,2.1
107,Mikkel Damsgaard,,DNK,MFFW,Brentford,22,22-212,2000,10,1,276,3.1,0,0,0,0,0,2,0,0.5,0.5,0.4,0.9
108,Danilo,,BRA,MF,Nott'ham Forest,21,21-277,2001,1,0,46,0.5,0,0,0,0,0,0,0,0,0,0,0.1
109,Josh Dasilva,,GBR,MF,Brentford,24,24-100,1998,20,10,919,10.2,3,2,3,0,0,1,0,0.9,0.9,1.2,2.2
110,Ben Davies,,GBR,DF,Tottenham,29,29-282,1993,18,14,1261,14,2,1,2,0,0,2,0,0.7,0.7,1.8,2.5
111,Tom Davies,,GBR,MF,Everton,24,24-215,1998,10,4,413,4.6,0,0,0,0,0,2,0,0.6,0.6,0.1,0.7
112,Craig Dawson,,GBR,DF,West Ham,32,32-270,1990,8,8,720,8,0,0,0,0,0,2,0,0.5,0.5,0.1,0.6
113,Kevin De Bruyne,,BEL,MF,Manchester City,31,31-217,1991,19,18,1567,17.4,3,11,3,0,0,1,0,3.3,3.3,8.9,12.2
114,Siriki Dembélé,,CIV,FWMF,Bournemouth,26,26-146,1996,6,0,110,1.2,0,0,0,0,0,0,0,0.2,0.2,0.3,0.5
115,Leander Dendoncker,,BEL,MF,Aston Villa,27,27-291,1995,11,3,332,3.7,0,0,0,0,0,0,0,0,0,0.5,0.5
116,Leander Dendoncker,,BEL,MF,Wolves,27,27-291,1995,4,2,214,2.4,0,0,0,0,0,0,0,0.7,0.7,0,0.7
117,Emmanuel Dennis,,NGA,FW,Nott'ham Forest,25,25-077,1997,10,3,373,4.1,1,1,1,0,0,2,0,0.7,0.7,0.3,1
118,Halil Dervişoğlu,,TUR,MF,Brentford,23,23-054,1999,1,0,8,0.1,0,0,0,0,0,0,0,0,0,0,0
119,Kiernan Dewsbury-Hall,,GBR,MF,Leicester City,24,24-147,1998,18,17,1382,15.4,2,2,2,0,0,1,0,1.5,1.5,2.3,3.8
120,Ibrahima Diallo,,FRA,MF,Southampton,23,23-329,1999,12,9,669,7.4,0,0,0,0,0,2,0,0.2,0.2,0,0.2
121,Rúben Dias,,PRT,DF,Manchester City,25,25-262,1997,13,9,874,9.7,0,0,0,0,0,0,0,0.6,0.6,0.1,0.8
122,Luis Díaz,,COL,FW,Liverpool,26,26-018,1997,8,7,613,6.8,3,2,3,0,0,2,0,1.7,1.7,1,2.7
123,Eric Dier,,GBR,DF,Tottenham,29,29-016,1994,20,19,1735,19.3,2,0,2,0,0,1,0,0.7,0.7,0.8,1.6
124,Lucas Digne,,FRA,DF,Aston Villa,29,29-195,1993,14,13,1066,11.8,1,0,1,0,0,2,0,0.2,0.2,1.1,1.4
125,Issa Diop,,FRA,DF,Fulham,26,26-022,1997,13,10,966,10.7,1,0,1,0,0,1,0,0.3,0.3,0,0.3
126,Moussa Djenepo,,MLI,DFFW,Southampton,24,24-230,1998,12,6,578,6.4,0,1,0,0,0,0,0,0.2,0.2,0.3,0.4
127,Ben Doak,,GBR,FW,Liverpool,17,17-081,2005,2,0,26,0.3,0,0,0,0,0,0,0,0,0,0,0
128,Matt Doherty,,IRL,DFMF,Tottenham,31,31-015,1992,12,7,667,7.4,1,0,1,0,0,0,0,0.8,0.8,0.3,1
129,Gabriel Dos Santos,,BRA,DF,Arsenal,25,25-043,1997,19,19,1710,19,2,0,2,0,0,4,0,2.9,2.9,0.2,3.1
130,Abdoulaye Doucouré,,MLI,MF,Everton,30,30-030,1993,10,2,228,2.5,0,0,0,0,0,1,0,0.2,0.2,0,0.2
131,Cheick Doucouré,,MLI,MF,Crystal Palace,23,23-023,2000,18,18,1476,16.4,0,1,0,0,0,6,0,0.7,0.7,1.3,2
132,Flynn Downes,,GBR,MF,West Ham,24,24-011,1999,8,3,285,3.2,0,0,0,0,0,0,0,0.2,0.2,0,0.3
133,Cody Drameh,,GBR,DF,Leeds United,21,21-054,2001,1,1,69,0.8,0,0,0,0,0,0,0,0,0,0,0
134,Shane Duffy,,IRL,FWDF,Fulham,31,31-030,1992,4,0,6,0.1,0,0,0,0,0,0,0,0,0,0,0
135,Lewis Dunk,,GBR,DF,Brighton,31,31-071,1991,19,19,1709,19,0,0,0,0,0,1,0,0.8,0.8,0.1,0.9
136,Malcolm Ebiowei,,GBR,MFFW,Crystal Palace,19,19-149,2003,3,0,34,0.4,0,0,0,0,0,0,0,0,0,0,0
137,Ederson,,BRA,GK,Manchester City,29,29-167,1993,20,20,1800,20,0,1,0,0,0,0,0,0,0,0.2,0.2
138,Odsonne Édouard,,FRA,FWMF,Crystal Palace,25,25-015,1998,18,11,983,10.9,3,2,3,0,0,3,0,2.7,2.7,0.9,3.6
139,Samuel Edozie,,GBR,FWMF,Southampton,20,20-003,2003,13,4,466,5.2,0,0,0,0,0,0,0,0.8,0.8,0.3,1.1
140,Anthony Elanga,,SWE,FW,Manchester Utd,20,20-279,2002,13,5,397,4.4,0,1,0,0,0,0,0,0.6,0.6,0.8,1.4
141,Harvey Elliott,,GBR,MFFW,Liverpool,19,19-302,2003,19,13,1116,12.4,1,1,1,0,0,1,0,1.1,1.1,2.3,3.4
142,Mohamed Elneny,,EGY,MF,Arsenal,30,30-204,1992,5,1,113,1.3,0,0,0,0,0,0,0,0,0,0,0
143,Mohamed Elyounoussi,,NOR,MFFW,Southampton,28,28-180,1994,19,16,1355,15.1,0,1,0,0,0,3,0,2.5,2.5,1.9,4.5
144,Emerson,,BRA,DF,Tottenham,24,24-017,1999,16,13,1090,12.1,1,1,1,0,0,1,1,1.1,1.1,0.3,1.4
145,Christian Eriksen,,DNK,MF,Manchester Utd,30,30-351,1992,19,18,1489,16.5,1,7,1,0,0,3,0,2.7,2.7,3,5.7
146,Pervis Estupiñán,,ECU,DF,Brighton,25,25-010,1998,16,13,1081,12,0,2,0,0,0,3,0,0.1,0.1,2,2.1
147,Jonny Evans,,NIR,DF,Leicester City,35,35-028,1988,9,9,810,9,0,0,0,0,0,0,0,0.2,0.2,0,0.2
148,Eberechi Eze,,GBR,MFFW,Crystal Palace,24,24-216,1998,20,19,1511,16.8,3,3,3,0,0,1,0,2.4,2.4,2.8,5.2
149,Łukasz Fabiański,,POL,GK,West Ham,37,37-288,1985,20,20,1693,18.8,0,0,0,0,0,0,0,0,0,0,0
150,Fabinho,,BRA,MF,Liverpool,29,29-100,1993,18,14,1253,13.9,0,0,0,0,0,2,0,0.3,0.3,0.6,0.9
151,Wout Faes,,BEL,DF,Leicester City,24,24-303,1998,14,14,1260,14,0,0,0,0,0,1,0,0.3,0.3,0.3,0.7
152,João Félix,,PRT,FW,Chelsea,23,23-082,1999,1,1,57,0.6,0,0,0,0,0,0,1,0.8,0.8,0.2,1
153,Evan Ferguson,,IRL,FW,Brighton,18,18-104,2004,5,2,199,2.2,3,2,3,0,0,1,0,1.2,1.2,0.3,1.4
154,Bruno Fernandes,,PRT,MFFW,Manchester Utd,28,28-145,1994,19,19,1708,19,4,4,4,0,0,5,0,3.3,3.3,6.7,10
155,Mateo Fernández,,ESP,MF,Leeds United,19,19-104,2003,1,0,2,0,0,0,0,0,0,0,0,0,0,0,0
156,Roberto Firmino,,BRA,FWMF,Liverpool,31,31-121,1991,13,11,929,10.3,7,3,7,0,0,0,0,4.2,4.2,1.8,6
157,Junior Firpo,,ESP,DF,Leeds United,26,26-162,1996,3,1,117,1.3,0,0,0,0,0,0,0,0,0,0.1,0.1
158,Phil Foden,,GBR,FWDF,Manchester City,22,22-248,2000,18,13,1045,11.6,7,4,7,0,0,1,0,3.7,3.7,2,5.7
159,Wesley Fofana,,FRA,DF,Leicester City,22,22-045,2000,2,2,180,2,0,0,0,0,0,1,0,0.1,0.1,0,0.1
160,Wesley Fofana,,FRA,DF,Chelsea,22,22-045,2000,2,2,180,2,0,0,0,0,0,0,0,0,0,0,0
161,Pablo Fornals,,ESP,FWMF,West Ham,26,26-343,1996,17,11,943,10.5,1,0,1,0,0,0,0,0.8,0.8,1.1,1.9
162,Adam Forshaw,,GBR,MF,Leeds United,31,31-115,1991,5,2,159,1.8,0,0,0,0,0,0,0,0,0,0.5,0.5
163,Fraser Forster,,GBR,GK,Tottenham,34,34-320,1988,1,1,90,1,0,0,0,0,0,0,0,0,0,0,0
164,Tyrese Francois,,AUS,FW,Fulham,22,22-199,2000,1,0,1,0,0,0,0,0,0,0,0,0,0,0,0
165,Ryan Fraser,,GBR,FW,Newcastle Utd,28,28-341,1994,8,3,313,3.5,0,0,0,0,0,1,0,0.3,0.3,0.4,0.7
166,Fred,,BRA,MF,Manchester Utd,29,29-332,1993,17,5,583,6.5,2,0,2,0,0,4,0,1.3,1.3,1.1,2.3
167,Ryan Fredericks,,GBR,DF,Bournemouth,30,30-113,1992,8,5,451,5,0,0,0,0,0,1,0,0,0,0.1,0.1
168,Remo Freuler,,CHE,MF,Nott'ham Forest,30,30-291,1992,16,14,1281,14.2,0,0,0,0,0,3,0,0.3,0.3,0.6,0.9
169,Cody Gakpo,,NLD,FW,Liverpool,23,23-269,1999,2,2,171,1.9,0,0,0,0,0,0,0,1,1,0,1
170,Conor Gallagher,,GBR,MFFW,Chelsea,22,22-359,2000,18,9,739,8.2,1,1,1,0,0,5,1,0.9,0.9,1.8,2.7
171,Idrissa Gana Gueye,,SEN,MF,Everton,33,33-127,1989,15,14,1131,12.6,0,1,0,0,0,3,0,0,0,0.7,0.7
172,Alejandro Garnacho,,ESP,FW,Manchester Utd,18,18-214,2004,9,2,242,2.7,1,2,1,0,0,2,0,0.9,0.9,1,1.9
173,James Garner,,GBR,MF,Everton,21,21-324,2001,6,0,142,1.6,0,0,0,0,0,1,0,0.1,0.1,0,0.1
174,David de Gea,,ESP,GK,Manchester Utd,32,32-085,1990,20,20,1800,20,0,0,0,0,0,0,0,0,0,0.1,0.1
175,Joe Gelhardt,,GBR,FW,Leeds United,20,20-272,2002,15,1,212,2.4,0,2,0,0,0,1,0,0.8,0.8,0.5,1.3
176,Saman Ghoddos,,IRN,MFFW,Brentford,29,29-147,1993,9,0,90,1,0,0,0,0,0,0,0,0,0,0.2,0.3
177,Morgan Gibbs-White,,GBR,FWMF,Wolves,23,23-004,2000,2,2,180,2,0,0,0,0,0,1,0,0.7,0.7,0.1,0.8
178,Morgan Gibbs-White,,GBR,FWMF,Nott'ham Forest,23,23-004,2000,17,16,1376,15.3,2,4,2,0,0,1,0,3,3,4.5,7.5
179,Billy Gilmour,,GBR,MF,Brighton,21,21-234,2001,6,1,107,1.2,0,0,0,0,0,1,0,0,0,0,0
180,Degnand Gnonto,,ITA,FWMF,Leeds United,19,19-087,2003,8,6,537,6,1,1,1,0,0,2,0,1.1,1.1,0.8,1.9
181,Ben Godfrey,,GBR,DF,Everton,25,25-016,1998,4,3,211,2.3,0,0,0,0,0,0,0,1.1,1.1,0.1,1.2
182,Toti Gomes,,PRT,DF,Wolves,24,24-015,1999,7,3,310,3.4,0,0,0,0,0,2,0,0,0,0.1,0.1
183,Joe Gomez,,GBR,DF,Liverpool,25,25-253,1997,16,10,1016,11.3,0,0,0,0,0,2,0,0.1,0.1,0.2,0.3
184,Sergio Gómez,,ESP,DFMF,Manchester City,22,22-149,2000,5,0,111,1.2,0,1,0,0,0,0,0,0.1,0.1,0.4,0.5
185,Anthony Gordon,,GBR,FW,Everton,21,21-341,2001,16,12,1095,12.2,3,0,3,0,0,6,0,3.3,3.3,0.6,3.9
186,Demarai Gray,,GBR,FWMF,Everton,26,26-217,1996,20,19,1679,18.7,3,1,2,1,1,1,0,3.7,2.9,2.7,5.6
187,Jack Grealish,,GBR,FW,Manchester City,27,27-143,1995,14,10,950,10.6,2,3,2,0,0,0,0,2.6,2.6,3.3,5.9
188,Sam Greenwood,,GBR,MFFW,Leeds United,21,21-005,2002,10,2,309,3.4,1,2,1,0,0,1,0,0.6,0.6,0.8,1.5
189,Pascal Groß,,DEU,MFDF,Brighton,31,31-230,1991,19,19,1641,18.2,6,3,6,0,0,2,0,3.3,3.3,5,8.3
190,Vicente Guaita,,ESP,GK,Crystal Palace,36,36-021,1987,20,20,1800,20,0,0,0,0,0,1,0,0,0,0,0
191,Gonçalo Guedes,,PRT,FWMF,Wolves,26,26-063,1996,13,8,707,7.9,1,1,1,0,0,1,0,1.2,1.2,0.5,1.7
192,Marc Guéhi,,GBR,DF,Crystal Palace,22,22-202,2000,19,19,1710,19,0,0,0,0,0,7,0,0.4,0.4,0.2,0.6
193,Bruno Guimarães,,BRA,MF,Newcastle Utd,25,25-076,1997,17,17,1397,15.5,3,3,3,0,0,3,0,0.9,0.9,1.8,2.7
194,İlkay Gündoğan,,DEU,MF,Manchester City,32,32-099,1990,17,14,1245,13.8,2,2,2,0,0,0,0,3.3,3.3,2.5,5.8
195,Darko Gyabi,,GBR,FW,Leeds United,18,18-347,2004,1,0,8,0.1,0,0,0,0,0,0,0,0.1,0.1,0,0.1
196,Erling Haaland,,NOR,FW,Manchester City,22,22-194,2000,19,18,1546,17.2,25,3,21,4,4,3,0,16.9,13.7,2.9,16.7
197,Lewis Hall,,GBR,DFMF,Chelsea,18,18-145,2004,5,4,304,3.4,0,0,0,0,0,1,0,0.5,0.5,0.3,0.7
198,Luke Harris,,GBR,MFFW,Fulham,17,17-303,2005,3,0,13,0.1,0,0,0,0,0,0,0,0,0,0,0
199,Jack Harrison,,GBR,FWMF,Leeds United,26,26-072,1996,17,15,1184,13.2,1,4,1,0,0,2,0,2.4,2.4,2.5,4.9
200,Kai Havertz,,DEU,FWMF,Chelsea,23,23-234,1999,19,17,1411,15.7,5,1,5,0,0,3,0,5.4,5.4,1.4,6.8
201,Jan Paul van Hecke,,NLD,DF,Brighton,22,22-237,2000,2,1,80,0.9,0,0,0,0,0,0,0,0.6,0.6,0,0.6
202,Hwang Hee-chan,,KOR,FW,Wolves,27,27-005,1996,16,8,649,7.2,0,1,0,0,0,1,0,0.4,0.4,0.9,1.3
203,Dean Henderson,,GBR,GK,Nott'ham Forest,25,25-325,1997,18,18,1620,18,0,0,0,0,0,2,0,0,0,0,0
204,Jordan Henderson,,GBR,MF,Liverpool,32,32-228,1990,16,10,893,9.9,0,0,0,0,0,1,0,0.6,0.6,1.1,1.7
205,Wayne Hennessey,,GBR,GK,Nott'ham Forest,36,36-007,1987,2,2,180,2,0,0,0,0,0,0,0,0,0,0,0
206,Rico Henry,,GBR,DF,Brentford,25,25-207,1997,19,19,1705,18.9,0,1,0,0,0,0,0,0.5,0.5,1.1,1.7
207,Son Heung-min,,KOR,MFFW,Tottenham,30,30-207,1992,19,18,1555,17.3,4,3,4,0,0,1,0,4.9,4.9,3,7.9
208,Aaron Hickey,,GBR,DF,Brentford,20,20-235,2002,9,8,679,7.5,0,0,0,0,0,4,0,0.1,0.1,0,0.1
209,Joseph Hodge,,IRL,MF,Wolves,20,20-139,2002,5,1,169,1.9,0,0,0,0,0,1,0,0.1,0.1,0.1,0.2
210,Rob Holding,,GBR,DF,Arsenal,27,27-133,1995,6,0,19,0.2,0,0,0,0,0,0,0,0,0,0,0
211,Mason Holgate,,GBR,DF,Everton,26,26-101,1996,4,3,320,3.6,0,0,0,0,0,1,0,0.3,0.3,0.3,0.6
212,Will Hughes,,GBR,MF,Crystal Palace,27,27-289,1995,14,1,250,2.8,0,0,0,0,0,3,0,0.1,0.1,0,0.2
213,Omari Hutchinson,,GBR,FW,Chelsea,19,19-093,2003,1,0,23,0.3,0,0,0,0,0,0,0,0,0,0,0
214,Pierre Højbjerg,,DNK,MF,Tottenham,27,27-179,1995,20,20,1781,19.8,4,2,4,0,0,2,0,1.4,1.4,1.8,3.3
215,Kelechi Iheanacho,,NGA,FWMF,Leicester City,26,26-120,1996,14,1,301,3.3,1,1,1,0,0,0,0,1.6,1.6,0.7,2.2
216,Danny Ings,,GBR,FW,West Ham,30,30-192,1992,1,0,19,0.2,0,0,0,0,0,0,0,0,0,0.2,0.2
217,Danny Ings,,GBR,FW,Aston Villa,30,30-192,1992,18,8,824,9.2,6,0,4,2,2,3,0,5.3,3.8,1.2,5
218,Alexander Isak,,SWE,FW,Newcastle Utd,23,23-132,1999,5,3,284,3.2,3,0,2,1,1,0,0,3.2,2.4,0.5,2.9
219,Alex Iwobi,,NGA,MF,Everton,26,26-273,1996,20,20,1782,19.8,1,5,1,0,0,2,0,1.2,1.2,2.7,4
220,Daniel James,,GBR,FW,Leeds United,25,25-082,1997,4,2,198,2.2,0,0,0,0,0,0,0,0.3,0.3,0.3,0.6
221,Daniel James,,GBR,FW,Fulham,25,25-082,1997,12,3,360,4,1,0,1,0,0,0,0,1.3,1.3,0.3,1.6
222,Reece James,,GBR,DFMF,Chelsea,23,23-054,1999,8,7,611,6.8,1,1,1,0,0,3,0,0.8,0.8,1.6,2.4
223,Vitaly Janelt,,DEU,MFDF,Brentford,24,24-266,1998,20,14,1319,14.7,2,1,2,0,0,1,0,1.9,1.9,0.8,2.7
224,Pontus Jansson,,SWE,DF,Brentford,31,31-352,1991,7,6,515,5.7,0,0,0,0,0,0,0,0,0,0,0
225,Mathias Jensen,,DNK,MF,Brentford,27,27-030,1996,20,20,1504,16.7,2,4,2,0,0,3,0,0.9,0.9,2.1,3
226,Gabriel Jesus,,BRA,FW,Arsenal,25,25-303,1997,14,14,1219,13.5,5,5,5,0,0,4,0,7.7,7.7,2.8,10.6
227,Raúl Jiménez,,MEX,FW,Wolves,31,31-271,1991,6,3,294,3.3,0,0,0,0,0,0,0,1,1,0.4,1.4
228,Joelinton,,BRA,MFFW,Newcastle Utd,26,26-170,1996,18,17,1510,16.8,2,1,2,0,0,7,0,3.2,3.2,1.8,5.1
229,Ben Johnson,,GBR,DF,West Ham,23,23-007,2000,8,6,498,5.5,0,0,0,0,0,0,0,0,0,0.2,0.2
230,Brennan Johnson,,GBR,FW,Nott'ham Forest,21,21-253,2001,20,18,1616,18,4,2,3,1,2,4,0,5.8,4.2,2.5,6.7
231,Curtis Jones,,GBR,MFFW,Liverpool,22,22-001,2001,6,1,189,2.1,0,0,0,0,0,1,0,0.2,0.2,0.2,0.4
232,Jorginho,,ITA,MF,Chelsea,31,31-042,1991,18,15,1279,14.2,2,0,0,2,2,4,0,1.7,0.1,0.4,0.5
233,Diogo Jota,,PRT,FWMF,Liverpool,26,26-058,1996,4,2,196,2.2,0,1,0,0,0,1,0,0.8,0.8,0.8,1.6
234,James Justin,,GBR,DF,Leicester City,24,24-342,1998,14,14,1252,13.9,0,0,0,0,0,0,0,0.3,0.3,0.3,0.6
235,Mathias Jørgensen,,DNK,DF,Brentford,32,32-283,1990,12,8,736,8.2,0,0,0,0,0,1,0,0.5,0.5,0.1,0.5
236,Sasa Kalajdzic,,AUT,FW,Wolves,25,25-208,1997,1,1,45,0.5,0,0,0,0,0,0,0,0.3,0.3,0,0.3
237,Boubacar Kamara,,FRA,MF,Aston Villa,23,23-069,1999,14,13,1114,12.4,0,1,0,0,0,3,0,0.2,0.2,0.2,0.4
238,Harry Kane,,GBR,FW,Tottenham,29,29-187,1993,21,21,1875,20.8,16,1,14,2,3,4,0,11.8,9.4,3.3,12.8
239,N'Golo Kanté,,FRA,MF,Chelsea,31,31-308,1991,2,2,174,1.9,0,0,0,0,0,0,0,0.1,0.1,0.3,0.4
240,Michael Keane,,GBR,DF,Everton,30,30-020,1993,1,0,23,0.3,0,0,0,0,0,0,0,0,0,0,0
241,Neeskens Kebano,,COD,FW,Fulham,30,30-327,1992,12,9,713,7.9,0,3,0,0,0,0,0,0.5,0.5,1.4,1.8
242,Thilo Kehrer,,DEU,DF,West Ham,26,26-132,1996,15,15,1350,15,0,0,0,0,0,4,0,0.4,0.4,0.2,0.6
243,Naby Keïta,,GUI,MF,Liverpool,27,27-355,1995,5,1,183,2,0,0,0,0,0,0,0,0.3,0.3,0.3,0.6
244,Lloyd Kelly,,GBR,DF,Bournemouth,24,24-117,1998,10,10,900,10,0,2,0,0,0,2,0,0.1,0.1,0.1,0.3
245,Max Kilman,,GBR,DF,Wolves,25,25-253,1997,20,20,1800,20,0,0,0,0,0,3,0,0.6,0.6,0,0.6
246,Mateusz Klich,,POL,MFFW,Leeds United,32,32-232,1990,14,0,280,3.1,0,0,0,0,0,2,0,0.2,0.2,0.2,0.4
247,Robin Koch,,DEU,DF,Leeds United,26,26-198,1996,19,19,1662,18.5,0,0,0,0,0,5,0,0.3,0.3,0.1,0.4
248,Ibrahima Konaté,,FRA,DF,Liverpool,23,23-251,1999,5,4,382,4.2,0,0,0,0,0,0,0,0.2,0.2,0,0.2
249,Ezri Konsa,,GBR,DF,Aston Villa,25,25-100,1997,20,19,1702,18.9,0,0,0,0,0,3,0,0.5,0.5,0.5,0.9
250,Kalidou Koulibaly,,SEN,DF,Chelsea,31,31-225,1991,14,12,1115,12.4,2,0,2,0,0,5,1,0.8,0.8,0.4,1.2
251,Cheikhou Kouyaté,,SEN,MFDF,Nott'ham Forest,33,33-041,1989,12,9,704,7.8,1,0,1,0,0,2,0,0.3,0.3,0.6,1
252,Mateo Kovačić,,CRO,MF,Chelsea,28,28-270,1994,15,7,835,9.3,0,1,0,0,0,3,0,0.4,0.4,1.1,1.6
253,Emil Krafth,,SWE,DF,Newcastle Utd,28,28-182,1994,1,0,1,0,0,0,0,0,0,0,0,0,0,0,0
254,Dejan Kulusevski,,SWE,MFFW,Tottenham,22,22-281,2000,13,11,967,10.7,2,5,2,0,0,0,0,1.2,1.2,2.7,4
255,Layvin Kurzawa,,FRA,DF,Fulham,30,30-149,1992,2,2,134,1.5,0,0,0,0,0,1,0,0,0,0,0
256,Adam Lallana,,GBR,MFFW,Brighton,34,34-266,1988,16,12,722,8,2,1,2,0,0,0,0,0.9,0.9,1,1.9
257,Tariq Lamptey,,GHA,DF,Brighton,22,22-123,2000,16,1,320,3.6,0,0,0,0,0,1,0,0.1,0.1,0.1,0.3
258,Manuel Lanzini,,ARG,MFFW,West Ham,29,29-350,1993,5,1,126,1.4,0,0,0,0,0,0,0,0.1,0.1,0,0.1
259,Aymeric Laporte,,ESP,DF,Manchester City,28,28-249,1994,5,4,376,4.2,0,0,0,0,0,0,0,0.2,0.2,0.1,0.3
260,Juan Larios,,ESP,DF,Southampton,19,19-019,2004,5,2,152,1.7,0,0,0,0,0,0,0,0,0,0,0
261,Jamaal Lascelles,,GBR,DF,Newcastle Utd,29,29-081,1993,4,1,107,1.2,0,0,0,0,0,3,0,0.1,0.1,0,0.1
262,Roméo Lavia,,BEL,MF,Southampton,19,19-025,2004,11,9,741,8.2,1,0,1,0,0,3,0,0.2,0.2,0.2,0.4
263,Dexter Lembikisa,,JAM,DF,Wolves,19,19-088,2003,1,0,23,0.3,0,0,0,0,0,0,0,0,0,0,0
264,Mario Lemina,,GAB,MF,Wolves,29,29-152,1993,2,1,84,0.9,0,0,0,0,0,1,0,0,0,0.1,0.1
265,Clément Lenglet,,FRA,DF,Tottenham,27,27-228,1995,13,11,935,10.4,0,2,0,0,0,2,0,0.6,0.6,0.6,1.2
266,Bernd Leno,,DEU,GK,Fulham,30,30-333,1992,19,19,1710,19,0,0,0,0,0,2,0,0,0,0,0
267,Jefferson Lerma,,COL,MFDF,Bournemouth,28,28-098,1994,20,20,1793,19.9,2,0,2,0,0,3,0,1.2,1.2,0.4,1.6
268,Jamal Lewis,,NIR,DF,Newcastle Utd,25,25-006,1998,1,0,8,0.1,0,0,0,0,0,0,0,0,0,0,0
269,Rico Lewis,,GBR,DFMF,Manchester City,18,18-071,2004,8,4,363,4,0,0,0,0,0,1,0,0,0,0.8,0.8
270,Keane Lewis-Potter,,GBR,FWMF,Brentford,21,21-343,2001,9,3,306,3.4,0,1,0,0,0,0,0,0.5,0.5,1.2,1.7
271,Victor Lindelöf,,SWE,DF,Manchester Utd,28,28-198,1994,6,4,439,4.9,0,0,0,0,0,0,0,0,0,0,0
272,Jesse Lingard,,GBR,FWMF,Nott'ham Forest,30,30-047,1992,14,11,861,9.6,0,0,0,0,0,1,0,1,1,0.7,1.7
273,Diego Llorente,,ESP,DF,Leeds United,29,29-168,1993,8,7,649,7.2,0,0,0,0,0,1,0,0.7,0.7,0,0.7
274,Hugo Lloris,,FRA,GK,Tottenham,36,36-036,1986,20,20,1800,20,0,0,0,0,0,0,0,0,0,0,0
275,Renan Lodi,,BRA,DF,Nott'ham Forest,24,24-298,1998,12,11,919,10.2,0,0,0,0,0,2,0,0.6,0.6,0.5,1.1
276,Ruben Loftus-Cheek,,GBR,MFDF,Chelsea,27,27-008,1996,14,12,954,10.6,0,0,0,0,0,1,0,0.8,0.8,0.9,1.8
277,Sean Longstaff,,GBR,MF,Newcastle Utd,25,25-093,1997,20,16,1505,16.7,1,2,1,0,0,2,0,1.8,1.8,2.5,4.3
278,Jamal Lowe,,JAM,MFFW,Bournemouth,28,28-194,1994,2,0,12,0.1,0,0,0,0,0,0,0,0,0,0,0
279,Douglas Luiz,,BRA,MF,Aston Villa,24,24-267,1998,19,15,1344,14.9,2,4,2,0,0,2,1,0.9,0.9,2.3,3.2
280,Lyanco,,BRA,DF,Southampton,25,25-364,1997,12,7,680,7.6,0,0,0,0,0,4,0,0.2,0.2,0.1,0.3
281,Alexis Mac Allister,,ARG,MF,Brighton,24,24-038,1998,17,16,1457,16.2,5,0,2,3,3,5,0,3.8,1.5,1.1,2.5
282,James Maddison,,GBR,MFFW,Leicester City,26,26-069,1996,14,13,1120,12.4,7,4,7,0,0,5,0,2.6,2.6,2.9,5.5
283,Harry Maguire,,GBR,DF,Manchester Utd,29,29-332,1993,8,4,387,4.3,0,0,0,0,0,3,0,0.2,0.2,0,0.2
284,Riyad Mahrez,,DZA,FW,Manchester City,31,31-344,1991,15,9,840,9.3,4,3,4,0,0,2,0,3.2,3.2,3.2,6.3
285,Ainsley Maitland-Niles,,GBR,MFDF,Southampton,25,25-155,1997,10,5,544,6,0,0,0,0,0,2,0,0,0,0.4,0.4
286,Tyrell Malacia,,NLD,DF,Manchester Utd,23,23-167,1999,12,9,836,9.3,0,0,0,0,0,3,0,0.2,0.2,0.1,0.3
287,Orel Mangala,,BEL,MF,Nott'ham Forest,24,24-319,1998,12,8,593,6.6,0,0,0,0,0,1,0,0.3,0.3,0.1,0.4
288,Javier Manquillo,,ESP,DF,Newcastle Utd,28,28-271,1994,1,0,11,0.1,0,0,0,0,0,0,0,0,0,0,0
289,Sekou Mara,,FRA,FWMF,Southampton,20,20-185,2002,14,3,327,3.6,0,1,0,0,0,0,0,0.8,0.8,0.5,1.3
290,Solly March,,GBR,FWDF,Brighton,28,28-195,1994,19,19,1629,18.1,4,4,4,0,0,2,0,4.3,4.3,2.6,6.9
291,Emiliano Marcondes,,DNK,MF,Bournemouth,27,27-328,1995,1,0,9,0.1,0,0,0,0,0,0,0,0,0,0,0
292,Marquinhos,,BRA,MF,Arsenal,19,19-299,2003,1,0,1,0,0,0,0,0,0,0,0,0,0,0,0
293,Anthony Martial,,FRA,FW,Manchester Utd,27,27-057,1995,9,6,458,5.1,3,2,2,1,1,0,0,3.2,2.4,0.9,3.3
294,Martinelli,,BRA,FW,Arsenal,21,21-227,2001,19,19,1607,17.9,7,2,7,0,0,2,0,4.3,4.3,4.8,9.1
295,Emiliano Martínez,,ARG,GK,Aston Villa,30,30-151,1992,18,18,1564,17.4,0,0,0,0,0,3,0,0,0,0.3,0.3
296,Lisandro Martínez,,ARG,DF,Manchester Utd,25,25-013,1998,18,16,1388,15.4,1,0,1,0,0,4,0,0.2,0.2,0.1,0.2
297,Pape Matar Sarr,,SEN,MF,Tottenham,20,20-139,2002,3,1,111,1.2,0,0,0,0,0,1,0,0,0,0,0.1
298,Jean-Philippe Mateta,,FRA,FW,Crystal Palace,25,25-217,1997,16,3,433,4.8,1,0,1,0,0,2,0,1.6,1.6,0.6,2.2
299,Joël Matip,,CMR,DF,Liverpool,31,31-176,1991,8,6,552,6.1,0,0,0,0,0,1,0,0,0,0,0
300,Neal Maupay,,FRA,FW,Everton,26,26-170,1996,13,7,683,7.6,1,0,1,0,0,2,0,2.1,2.1,0.5,2.5
301,Kevin Mbabu,,CHE,DFFW,Fulham,27,27-287,1995,6,1,144,1.6,0,1,0,0,0,1,0,0,0,0.4,0.4
302,Bryan Mbeumo,,CMR,FW,Brentford,23,23-177,1999,20,20,1506,16.7,4,1,3,1,1,4,0,4.7,3.9,2,5.9
303,John McGinn,,GBR,MF,Aston Villa,28,28-105,1994,17,14,1223,13.6,0,1,0,0,0,4,0,1.2,1.2,1.3,2.5
304,Scott McKenna,,GBR,DF,Nott'ham Forest,26,26-080,1996,16,15,1366,15.2,0,0,0,0,0,4,0,0.1,0.1,0.8,0.9
305,Dwight McNeil,,GBR,FWDF,Everton,23,23-070,1999,18,10,891,9.9,2,1,2,0,0,2,0,0.7,0.7,1.3,2
306,Scott McTominay,,GBR,MF,Manchester Utd,26,26-054,1996,15,7,753,8.4,0,0,0,0,0,5,0,0.8,0.8,0.2,1
307,Ben Mee,,GBR,DF,Brentford,33,33-132,1989,19,19,1658,18.4,2,0,2,0,0,1,0,1.3,1.3,0.2,1.5
308,Edouard Mendy,,SEN,GK,Chelsea,30,30-336,1992,9,8,765,8.5,0,0,0,0,0,1,0,0,0,0,0
309,Nampalys Mendy,,SEN,MF,Leicester City,30,30-222,1992,9,2,328,3.6,0,0,0,0,0,0,0,0.1,0.1,0,0.1
310,Chris Mepham,,GBR,DF,Bournemouth,25,25-087,1997,16,16,1431,15.9,0,0,0,0,0,5,0,0.3,0.3,0.2,0.5
311,Illan Meslier,,FRA,GK,Leeds United,22,22-335,2000,19,19,1710,19,0,0,0,0,0,2,0,0,0,0,0
312,Alexander Mighten,,GBR,FW,Nott'ham Forest,20,20-295,2002,1,0,8,0.1,0,0,0,0,0,0,0,0,0,0,0
313,Luka Milivojević,,SRB,MF,Crystal Palace,31,31-299,1991,11,2,293,3.3,0,0,0,0,0,0,0,0.2,0.2,0.2,0.4
314,James Milner,,GBR,DFMF,Liverpool,37,37-027,1986,13,5,540,6,0,1,0,0,0,1,0,0.4,0.4,0.7,1.1
315,Yerry Mina,,COL,DF,Everton,28,28-130,1994,3,3,234,2.6,1,0,1,0,0,1,0,0.2,0.2,0,0.2
316,Tyrone Mings,,GBR,DF,Aston Villa,29,29-324,1993,18,18,1620,18,0,1,0,0,0,4,0,0,0,0.6,0.6
317,Tyrick Mitchell,,GBR,DF,Crystal Palace,23,23-152,1999,18,16,1280,14.2,0,2,0,0,0,2,1,0.3,0.3,0.6,1
318,Kaoru Mitoma,,JPN,FWMF,Brighton,25,25-256,1997,14,7,750,8.3,4,1,4,0,0,0,0,1.7,1.7,2.6,4.3
319,Aleksandar Mitrović,,SRB,FW,Fulham,28,28-137,1994,17,17,1461,16.2,11,1,8,3,6,5,0,11.3,6.6,2,8.5
320,Kieffer Moore,,GBR,FW,Bournemouth,30,30-176,1992,20,12,1119,12.4,4,0,4,0,0,0,0,3.2,3.2,0.3,3.5
321,Andrew Moran,,IRL,FW,Brighton,19,19-108,2003,1,0,12,0.1,0,0,0,0,0,0,0,0,0,0,0
322,Álex Moreno,,ESP,DF,Aston Villa,29,29-237,1993,2,1,171,1.9,0,0,0,0,0,1,0,0.2,0.2,0.3,0.5
323,Mason Mount,,GBR,MFFW,Chelsea,24,24-021,1999,19,18,1442,16,3,2,3,0,0,3,0,1.9,1.9,2.9,4.8
324,Lucas Moura,,BRA,MFDF,Tottenham,30,30-171,1992,8,0,98,1.1,0,0,0,0,0,0,0,0.1,0.1,0,0.1
325,João Moutinho,,PRT,MF,Wolves,36,36-145,1986,18,15,1320,14.7,0,2,0,0,0,2,0,0.9,0.9,2.1,3.1
326,Divin Mubama,,GBR,FW,West Ham,18,18-098,2004,1,0,4,0,0,0,0,0,0,0,0,0,0,0,0
327,Mykhailo Mudryk,,UKR,FW,Chelsea,22,22-026,2001,1,0,36,0.4,0,0,0,0,0,0,0,0.3,0.3,0,0.3
328,Jacob Murphy,,GBR,FW,Newcastle Utd,27,27-341,1995,20,5,537,6,1,1,1,0,0,0,0,0.8,0.8,0.6,1.4
329,Enock Mwepu,,ZAM,FWMF,Brighton,25,25-030,1998,6,2,213,2.4,0,1,0,0,0,0,0,0.2,0.2,0.5,0.7
330,Vitaliy Mykolenko,,UKR,DFMF,Everton,23,23-247,1999,20,20,1688,18.8,0,0,0,0,0,2,0,0.4,0.4,0.8,1.2
331,Wilfred Ndidi,,NGA,MFDF,Leicester City,26,26-046,1996,14,10,876,9.7,0,0,0,0,0,3,0,0.2,0.2,0,0.2
332,Reiss Nelson,,GBR,FW,Arsenal,23,23-052,1999,2,0,65,0.7,2,1,2,0,0,0,0,0.6,0.6,0.1,0.7
333,Neto,,BRA,GK,Bournemouth,33,33-196,1989,10,10,855,9.5,0,0,0,0,0,3,0,0,0,0,0
334,Pedro Neto,,PRT,FWMF,Wolves,22,22-328,2000,8,8,599,6.7,0,0,0,0,0,1,0,0.7,0.7,1.2,1.9
335,Rúben Neves,,PRT,MF,Wolves,25,25-324,1997,19,19,1710,19,4,0,2,2,2,7,0,2.8,1.3,0.6,1.8
336,Moussa Niakhate,,FRA,DF,Nott'ham Forest,26,26-329,1996,2,2,160,1.8,0,0,0,0,0,0,0,0.3,0.3,0,0.3
337,Rasmus Nissen,,DNK,DF,Leeds United,25,25-204,1997,14,13,1133,12.6,0,1,0,0,0,4,0,0.4,0.4,0.8,1.2
338,Eddie Nketiah,,GBR,FW,Arsenal,23,23-246,1999,17,5,601,6.7,4,0,4,0,0,1,0,5.3,5.3,0.2,5.5
339,Matheus Nunes,,PRT,MF,Wolves,24,24-157,1998,17,15,1249,13.9,0,1,0,0,0,1,0,1.8,1.8,1.6,3.4
340,Darwin Núñez,,URY,FW,Liverpool,23,23-221,1999,14,10,899,10,5,2,5,0,0,1,1,7.4,7.4,3.3,10.7
341,Ethan Nwaneri,,GBR,FW,Arsenal,15,15-316,2007,1,0,1,0,0,0,0,0,0,0,0,0,0,0,0
342,Christian Nørgaard,,DNK,MF,Brentford,28,28-327,1994,10,9,779,8.7,1,1,1,0,0,0,0,0.8,0.8,0.8,1.6
343,Lewis O'Brien,,GBR,MF,Nott'ham Forest,24,24-109,1998,13,6,584,6.5,1,0,1,0,0,2,0,0.3,0.3,0.2,0.5
344,Angelo Ogbonna,,ITA,DF,West Ham,34,34-253,1988,5,3,297,3.3,0,0,0,0,0,0,0,0.1,0.1,0.2,0.3
345,Michael Olise,,FRA,MFFW,Crystal Palace,21,21-050,2001,19,13,1202,13.4,2,4,2,0,0,2,0,1.3,1.3,2.6,3.9
346,Robin Olsen,,SWE,GK,Aston Villa,33,33-023,1990,3,2,236,2.6,0,0,0,0,0,0,0,0,0,0,0
347,Amadou Onana,,BEL,MF,Everton,21,21-168,2001,18,16,1395,15.5,1,1,1,0,0,5,0,1.9,1.9,1,2.9
348,Josh Onomah,,GBR,MF,Fulham,25,25-279,1997,2,0,15,0.2,0,0,0,0,0,0,0,0,0,0,0
349,Frank Onyeka,,NGA,MF,Brentford,25,25-030,1998,12,4,442,4.9,0,1,0,0,0,0,0,0.4,0.4,0.5,0.9
350,Mislav Oršić,,CRO,MF,Southampton,30,30-033,1992,1,0,7,0.1,0,0,0,0,0,0,0,0,0,0,0
351,Dango Ouattara,,BFA,MF,Bournemouth,20,20-354,2002,1,1,90,1,0,1,0,0,0,0,0,0.3,0.3,0.1,0.4
352,Alex Oxlade-Chamberlain,,GBR,FWMF,Liverpool,29,29-169,1993,7,4,308,3.4,1,0,1,0,0,0,0,1.3,1.3,0.9,2.1
353,David Ozoh,,GBR,FW,Crystal Palace,17,17-245,2005,1,0,1,0,0,0,0,0,0,0,0,0,0,0,0
354,João Palhinha,,PRT,MF,Fulham,27,27-206,1995,20,20,1775,19.7,3,0,3,0,0,7,0,1.9,1.9,0.1,2
355,Cole Palmer,,GBR,FWMF,Manchester City,20,20-270,2002,9,0,119,1.3,0,0,0,0,0,1,0,0.1,0.1,0.2,0.3
356,Emerson Palmieri,,ITA,DFMF,West Ham,28,28-181,1994,9,5,367,4.1,0,0,0,0,0,1,0,0.3,0.3,0.2,0.5
357,Lucas Paquetá,,BRA,MF,West Ham,25,25-157,1997,13,12,998,11.1,1,2,0,1,1,3,0,2.5,1.7,0.9,2.6
358,Thomas Partey,,GHA,MF,Arsenal,29,29-232,1993,16,16,1391,15.5,2,0,2,0,0,2,0,1.5,1.5,0.8,2.3
359,Nathan Patterson,,GBR,DFMF,Everton,21,21-107,2001,13,11,988,11,0,0,0,0,0,3,0,0.5,0.5,0.4,0.9
360,Ben Pearson,,GBR,MF,Bournemouth,28,28-027,1995,7,3,286,3.2,0,0,0,0,0,1,0,0,0,0,0
361,Andreas Pereira,,BRA,MF,Fulham,27,27-030,1996,21,21,1726,19.2,2,5,1,1,1,5,0,3.3,2.5,4.3,6.8
362,Ayoze Pérez,,ESP,MFFW,Leicester City,29,29-186,1993,8,3,382,4.2,0,1,0,0,0,0,0,1.1,1.1,1.5,2.6
363,Ivan Perišić,,CRO,DFMF,Tottenham,33,33-363,1989,21,14,1268,14.1,0,5,0,0,0,2,0,1.5,1.5,3.6,5
364,Romain Perraud,,FRA,DF,Southampton,25,25-131,1997,18,12,1016,11.3,2,2,2,0,0,2,0,0.9,0.9,1.5,2.4
365,Kalvin Phillips,,GBR,MF,Manchester City,27,27-060,1995,3,0,21,0.2,0,0,0,0,0,0,0,0,0,0,0
366,Nathaniel Phillips,,GBR,DF,Liverpool,25,25-316,1997,2,1,66,0.7,0,0,0,0,0,0,0,0,0,0,0
367,Jordan Pickford,,GBR,GK,Everton,28,28-330,1994,19,19,1710,19,0,1,0,0,0,3,0,0,0,0.1,0.1
368,Ethan Pinnock,,JAM,DF,Brentford,29,29-247,1993,12,12,1080,12,0,0,0,0,0,0,0,1,1,0.6,1.6
369,Daniel Podence,,PRT,FWMF,Wolves,27,27-102,1995,20,16,1304,14.5,5,0,5,0,0,4,0,3.1,3.1,1.9,5
370,Nick Pope,,GBR,GK,Newcastle Utd,30,30-287,1992,20,20,1800,20,0,0,0,0,0,3,0,0,0,0,0
371,Dennis Praet,,BEL,MF,Leicester City,28,28-262,1994,10,4,339,3.8,0,0,0,0,0,1,0,0.2,0.2,0,0.2
372,Isaac Price,,NIR,MF,Everton,19,19-127,2003,1,0,33,0.4,0,0,0,0,0,1,0,0,0,0.1,0.1
373,Christian Pulisic,,USA,FWDF,Chelsea,24,24-135,1998,16,6,609,6.8,1,1,1,0,0,1,0,1.3,1.3,0.5,1.8
374,Aaron Ramsdale,,GBR,GK,Arsenal,24,24-262,1998,19,19,1710,19,0,0,0,0,0,0,0,0,0,0,0
375,Jacob Ramsey,,GBR,MFFW,Aston Villa,21,21-248,2001,17,14,1191,13.2,2,2,2,0,0,4,0,1.3,1.3,1.5,2.8
376,Marcus Rashford,,GBR,FW,Manchester Utd,25,25-092,1997,20,18,1615,17.9,9,3,9,0,0,2,0,7.5,7.5,2.3,9.8
377,David Raya,,ESP,GK,Brentford,27,27-138,1995,20,20,1800,20,0,0,0,0,0,1,0,0,0,0.1,0.1
378,Tim Ream,,USA,DF,Fulham,35,35-118,1987,21,21,1887,21,1,0,1,0,0,2,0,0.3,0.3,0,0.3
379,Nathan Redmond,,GBR,DF,Southampton,28,28-331,1994,1,0,1,0,0,0,0,0,0,0,0,0,0,0,0
380,Harrison Reed,,GBR,MF,Fulham,28,28-004,1995,20,20,1636,18.2,2,1,2,0,0,5,0,1.3,1.3,1.8,3.1
381,Bobby Reid,,JAM,FWDF,Fulham,29,29-363,1993,20,20,1659,18.4,4,1,4,0,0,6,0,3.2,3.2,1.2,4.4
382,Declan Rice,,GBR,MF,West Ham,24,24-017,1999,20,20,1800,20,1,1,1,0,1,3,0,1.8,1,2.1,3.1
383,Chris Richards,,USA,DFMF,Crystal Palace,22,22-309,2000,6,2,258,2.9,0,0,0,0,0,0,0,0.2,0.2,0.3,0.4
384,Richarlison,,BRA,MFFW,Tottenham,25,25-266,1997,13,5,487,5.4,0,2,0,0,0,2,0,1.8,1.8,1.3,3.1
385,Jaïro Riedewald,,NLD,DFFW,Crystal Palace,26,26-144,1996,4,0,49,0.5,0,0,0,0,0,0,0,0,0,0,0
386,Matt Ritchie,,GBR,FW,Newcastle Utd,33,33-143,1989,2,0,4,0,0,0,0,0,0,0,0,0,0,0,0
387,Andrew Robertson,,GBR,DF,Liverpool,28,28-326,1994,17,14,1237,13.7,0,5,0,0,0,0,0,0.4,0.4,3.4,3.7
388,Antonee Robinson,,USA,DF,Fulham,25,25-176,1997,18,18,1558,17.3,0,0,0,0,0,5,0,0,0,0.7,0.7
389,Marc Roca,,ESP,MF,Leeds United,26,26-066,1996,19,18,1405,15.6,1,1,1,0,0,4,0,0.9,0.9,0.8,1.7
390,Marek Rodák,,SVK,GK,Fulham,26,26-049,1996,2,2,180,2,0,0,0,0,0,0,0,0,0,0,0
391,Rodri,,ESP,MF,Manchester City,26,26-223,1996,19,19,1643,18.3,1,4,1,0,0,3,0,2.5,2.5,2.2,4.7
392,Rodrigo,,ESP,FWMF,Leeds United,31,31-331,1991,18,17,1296,14.4,10,1,9,1,1,3,0,6.5,5.7,1.5,7.2
393,Mads Roerslev,,DNK,DF,Brentford,23,23-221,1999,12,9,813,9,0,0,0,0,0,0,0,0.2,0.2,1,1.2
394,Cristian Romero,,ARG,DF,Tottenham,24,24-279,1998,13,12,1108,12.3,0,0,0,0,0,5,0,0.7,0.7,0.3,0.9
395,Oriol Romeu,,ESP,MF,Southampton,31,31-129,1991,1,1,74,0.8,0,0,0,0,0,0,0,0,0,0,0
396,Cristiano Ronaldo,,PRT,FW,Manchester Utd,37,37-360,1985,10,4,525,5.8,1,0,1,0,0,2,0,1.9,1.9,0.4,2.3
397,Connor Ronan,,IRL,MF,Wolves,24,24-331,1998,1,0,1,0,0,0,0,0,0,0,0,0,0,0,0
398,Salomón Rondón,,VEN,FW,Everton,33,33-137,1989,7,1,109,1.2,0,0,0,0,0,0,0,0.8,0.8,0.2,1
399,Joe Rothwell,,GBR,MFDF,Bournemouth,28,28-020,1995,6,1,132,1.5,0,0,0,0,0,0,0,0,0,0.2,0.2
400,José Sá,,PRT,GK,Wolves,30,30-014,1993,20,20,1800,20,0,0,0,0,0,0,0,0,0,0,0
401,Allan Saint-Maximin,,FRA,FW,Newcastle Utd,25,25-325,1997,12,4,484,5.4,1,3,1,0,0,1,0,1,1,1.2,2.2
402,Bukayo Saka,,GBR,FW,Arsenal,21,21-148,2001,19,19,1621,18,7,7,6,1,1,4,0,5.9,5.3,4.2,9.5
403,Mohamed Salah,,EGY,FW,Liverpool,30,30-230,1992,19,19,1686,18.7,7,4,7,0,0,0,0,9,9,3.7,12.7
404,William Saliba,,FRA,DF,Arsenal,21,21-313,2001,19,19,1695,18.8,2,1,2,0,0,4,0,0.9,0.9,0.9,1.8
405,Mohammed Salisu,,GHA,DF,Southampton,23,23-289,1999,19,19,1709,19,0,1,0,0,0,4,0,1.2,1.2,0.5,1.6
406,Albert Sambi Lokonga,,BEL,MF,Arsenal,23,23-101,1999,6,2,198,2.2,0,0,0,0,0,0,0,0,0,0,0
407,Davinson Sánchez,,COL,DF,Tottenham,26,26-233,1996,11,6,555,6.2,0,0,0,0,0,1,0,0.3,0.3,0.1,0.4
408,Robert Sánchez,,ESP,GK,Brighton,25,25-074,1997,19,19,1710,19,0,0,0,0,0,1,0,0,0,0,0
409,Jadon Sancho,,GBR,FW,Manchester Utd,22,22-312,2000,10,10,714,7.9,2,1,2,0,0,0,0,1.6,1.6,0.8,2.5
410,Morgan Sanson,,FRA,MF,Aston Villa,28,28-166,1994,2,0,11,0.1,0,0,0,0,0,0,0,0,0,0,0
411,Pablo Sarabia,,ESP,FW,Wolves,30,30-265,1992,1,0,45,0.5,0,0,0,0,0,0,0,0.3,0.3,0,0.3
412,Jeremy Sarmiento,,ECU,MF,Brighton,20,20-229,2002,6,1,131,1.5,0,0,0,0,0,1,0,0.2,0.2,0,0.2
413,Gianluca Scamacca,,ITA,FW,West Ham,24,24-030,1999,16,11,926,10.3,3,0,3,0,0,3,0,2.5,2.5,0.7,3.1
414,Gustavo Scarpa,,BRA,MF,Nott'ham Forest,29,29-026,1994,3,1,105,1.2,0,0,0,0,0,1,0,0.2,0.2,0,0.2
415,Kevin Schade,,DEU,FW,Brentford,21,21-065,2001,1,0,9,0.1,0,0,0,0,0,0,0,0,0,0,0
416,Fabian Schär,,CHE,DF,Newcastle Utd,31,31-042,1991,19,19,1693,18.8,1,0,1,0,0,4,0,2.1,2.1,1,3.1
417,Jeffrey Schlupp,,GHA,MF,Crystal Palace,30,30-039,1992,20,17,1478,16.4,0,0,0,0,0,4,0,1.1,1.1,0.5,1.6
418,Nélson Semedo,,PRT,DF,Wolves,29,29-076,1993,18,13,1099,12.2,0,1,0,0,0,4,1,0.1,0.1,0.4,0.4
419,Marcos Senesi,,ARG,DF,Bournemouth,25,25-266,1997,16,15,1286,14.3,0,0,0,0,0,2,0,0.1,0.1,0.2,0.3
420,Ryan Sessegnon,,GBR,DF,Tottenham,22,22-258,2000,16,9,801,8.9,2,0,2,0,0,4,0,1.6,1.6,1.1,2.7
421,Luke Shaw,,GBR,DF,Manchester Utd,27,27-203,1995,16,15,1323,14.7,1,1,1,0,0,4,0,0.5,0.5,1.6,2.1
422,Jonjo Shelvey,,GBR,MF,Newcastle Utd,30,30-338,1992,3,0,37,0.4,0,0,0,0,0,0,0,0,0,0,0
423,Bernardo Silva,,PRT,MFFW,Manchester City,28,28-174,1994,19,15,1327,14.7,2,5,2,0,0,2,0,1.4,1.4,2.4,3.8
424,Thiago Silva,,BRA,DF,Chelsea,38,38-131,1984,18,17,1614,17.9,0,2,0,0,0,1,0,1,1,0.4,1.3
425,Ellis Simms,,GBR,FW,Everton,22,22-026,2001,2,0,17,0.2,0,0,0,0,0,0,0,0,0,0,0
426,Luis Sinisterra,,COL,FW,Leeds United,23,23-228,1999,10,6,474,5.3,2,0,2,0,0,3,1,1.5,1.5,0.2,1.7
427,Oliver Skipp,,GBR,MF,Tottenham,22,22-137,2000,8,3,198,2.2,0,0,0,0,0,2,0,0.1,0.1,0.2,0.3
428,Adam Smith,,GBR,DF,Bournemouth,31,31-277,1991,19,19,1637,18.2,0,1,0,0,0,5,0,0.4,0.4,0.6,1
429,Emile Smith Rowe,,GBR,MFFW,Arsenal,22,22-187,2000,5,0,52,0.6,0,0,0,0,0,0,0,0.1,0.1,0.3,0.4
430,Cédric Soares,,PRT,DF,Arsenal,31,31-153,1991,2,0,29,0.3,0,0,0,0,0,0,0,0,0,0,0
431,Dominic Solanke,,GBR,FWMF,Bournemouth,25,25-139,1997,16,15,1341,14.9,3,3,3,0,0,1,0,2.9,2.9,1.2,4.1
432,Manor Solomon,,ISR,FW,Fulham,23,23-191,1999,3,0,44,0.5,0,0,0,0,0,0,0,0,0,0,0
433,Tomáš Souček,,CZE,MF,West Ham,27,27-338,1995,20,18,1561,17.3,1,1,1,0,0,1,0,2.5,2.5,0.7,3.3
434,Boubakary Soumaré,,FRA,MF,Leicester City,23,23-338,1999,14,12,836,9.3,0,0,0,0,0,4,0,0,0,0.1,0.1
435,Çağlar Söyüncü,,TUR,DF,Leicester City,26,26-253,1996,1,1,71,0.8,0,0,0,0,0,0,0,0,0,0,0
436,Djed Spence,,GBR,FWDF,Tottenham,22,22-175,2000,4,0,7,0.1,0,0,0,0,0,0,0,0.1,0.1,0,0.1
437,Jack Stacey,,GBR,DF,Bournemouth,26,26-300,1996,9,3,297,3.3,0,0,0,0,0,2,0,0.1,0.1,0,0.1
438,Junior Stanislas,,GBR,MF,Bournemouth,33,33-066,1989,4,0,61,0.7,0,0,0,0,0,0,0,0,0,0.1,0.2
439,Jay Stansfield,,GBR,FW,Fulham,20,20-068,2002,3,1,87,1,0,0,0,0,0,0,0,0.3,0.3,0.1,0.3
440,Jack Stephens,,GBR,DF,Southampton,29,29-004,1994,2,0,46,0.5,0,0,0,0,0,0,0,0,0,0,0
441,Jack Stephens,,GBR,DF,Bournemouth,29,29-004,1994,4,2,183,2,0,0,0,0,0,0,0,0,0,0.1,0.1
442,Raheem Sterling,,GBR,FWMF,Chelsea,28,28-054,1994,15,14,1113,12.4,4,2,4,0,0,3,0,3.4,3.4,2.9,6.3
443,John Stones,,GBR,DF,Manchester City,28,28-248,1994,14,13,1181,13.1,0,2,0,0,0,1,0,0.6,0.6,1.3,1.9
444,Pascal Struijk,,NLD,DF,Leeds United,23,23-173,1999,18,18,1589,17.7,2,1,2,0,0,3,0,1,1,2.3,3.4
445,Crysencio Summerville,,NLD,FW,Leeds United,21,21-093,2001,12,5,556,6.2,4,1,4,0,0,2,0,1.5,1.5,0.7,2.2
446,Sam Surridge,,GBR,FW,Nott'ham Forest,24,24-187,1998,13,1,246,2.7,1,0,1,0,0,1,0,1.7,1.7,0.1,1.7
447,Japhet Tanganga,,GBR,DF,Tottenham,23,23-306,1999,1,1,66,0.7,0,0,0,0,0,0,0,0,0,0,0
448,Matt Targett,,GBR,DF,Newcastle Utd,27,27-135,1995,10,4,426,4.7,0,0,0,0,0,0,0,0,0,0.3,0.3
449,James Tarkowski,,GBR,DF,Everton,30,30-073,1992,20,20,1800,20,0,0,0,0,0,4,0,1,1,1.1,2.1
450,Marcus Tavernier,,GBR,MFFW,Bournemouth,23,23-315,1999,15,15,1283,14.3,2,4,2,0,0,1,0,1.7,1.7,2.2,3.8
451,Kenny Tete,,NLD,DF,Fulham,27,27-114,1995,15,14,1237,13.7,0,4,0,0,0,6,0,0.3,0.3,0.9,1.2
452,Luke Thomas,,GBR,DF,Leicester City,21,21-235,2001,9,8,681,7.6,0,0,0,0,0,1,0,0.1,0.1,0.6,0.7
453,Youri Tielemans,,BEL,MF,Leicester City,25,25-269,1997,20,18,1557,17.3,3,1,2,1,2,2,0,2.3,0.7,3.2,3.9
454,Kieran Tierney,,GBR,DF,Arsenal,25,25-240,1997,15,4,469,5.2,0,0,0,0,0,0,0,0.3,0.3,0.2,0.4
455,Harry Toffolo,,GBR,DF,Nott'ham Forest,27,27-165,1995,10,6,613,6.8,0,0,0,0,0,0,0,0.2,0.2,0.7,0.9
456,Takehiro Tomiyasu,,JPN,DF,Arsenal,24,24-087,1998,15,4,506,5.6,0,1,0,0,0,1,0,0.1,0.1,0.6,0.7
457,James Tomkins,,GBR,DF,Crystal Palace,33,33-308,1989,3,1,157,1.7,0,0,0,0,0,2,1,0,0,0,0
458,Ivan Toney,,GBR,FW,Brentford,26,26-321,1996,18,18,1610,17.9,13,3,9,4,4,7,0,10.6,7.4,2.5,9.9
459,Adama Traoré,,ESP,FWMF,Wolves,27,27-006,1996,17,7,806,9,1,0,1,0,0,0,0,0.7,0.7,1,1.7
460,Boubacar Traoré,,MLI,MF,Wolves,21,21-164,2001,8,4,384,4.3,0,1,0,0,0,2,0,0.1,0.1,0.2,0.2
461,Mark Travers,,IRL,GK,Bournemouth,23,23-258,1999,11,10,945,10.5,0,0,0,0,0,0,0,0,0,0,0
462,Kieran Trippier,,GBR,DF,Newcastle Utd,32,32-134,1990,20,20,1774,19.7,1,4,1,0,0,5,0,0.5,0.5,6.3,6.8
463,Leandro Trossard,,BEL,FWMF,Arsenal,28,28-058,1994,1,0,9,0.1,0,0,0,0,0,0,0,0,0,0,0
464,Leandro Trossard,,BEL,FWMF,Brighton,28,28-058,1994,16,16,1315,14.6,7,2,7,0,0,1,0,4.4,4.4,2.1,6.5
465,Kostas Tsimikas,,GRE,DF,Liverpool,26,26-264,1996,12,5,441,4.9,0,3,0,0,0,1,0,0.6,0.6,0.8,1.5
466,Deniz Undav,,DEU,FWMF,Brighton,26,26-196,1996,8,0,101,1.1,0,0,0,0,0,0,0,0.6,0.6,0.2,0.7
467,Yan Valery,,TUN,DF,Southampton,23,23-343,1999,1,1,45,0.5,0,0,0,0,0,0,0,0,0,0,0
468,Virgil van Dijk,,NLD,DF,Liverpool,31,31-207,1991,17,17,1485,16.5,2,0,2,0,0,1,0,1.1,1.1,0.2,1.2
469,Raphaël Varane,,FRA,DF,Manchester Utd,29,29-281,1993,15,13,1119,12.4,0,0,0,0,0,1,0,0,0,0.1,0.1
470,Jamie Vardy,,GBR,FW,Leicester City,36,36-020,1987,20,11,1137,12.6,1,4,1,0,0,1,0,2.5,2.5,0.6,3.1
471,Joël Veltman,,NLD,DF,Brighton,31,31-016,1992,17,13,1193,13.3,0,1,0,0,0,1,0,0.6,0.6,0.2,0.8
472,Fabio Vieira,,PRT,MFFW,Arsenal,22,22-246,2000,10,1,250,2.8,1,1,1,0,0,0,0,0.3,0.3,1.1,1.5
473,Rúben Vinagre,,PRT,DFMF,Everton,23,23-297,1999,2,0,26,0.3,0,0,0,0,0,0,0,0,0,0,0
474,Carlos Vinícius,,BRA,FW,Fulham,27,27-312,1995,13,4,427,4.7,1,0,1,0,0,1,0,1.1,1.1,0.5,1.6
475,Theo Walcott,,GBR,FWMF,Southampton,33,33-321,1989,3,1,113,1.3,0,0,0,0,0,1,0,0,0,0,0
476,Kyle Walker,,GBR,DF,Manchester City,32,32-248,1990,10,9,703,7.8,0,0,0,0,0,0,0,0.3,0.3,0.1,0.5
477,Kyle Walker-Peters,,GBR,DF,Southampton,25,25-293,1997,16,16,1402,15.6,1,0,1,0,0,2,0,0.7,0.7,0.9,1.6
478,Aaron Wan-Bissaka,,GBR,DF,Manchester Utd,25,25-066,1997,7,6,523,5.8,0,0,0,0,0,0,0,0,0,0.5,0.6
479,Danny Ward,,GBR,GK,Leicester City,29,29-223,1993,20,20,1800,20,0,0,0,0,0,0,0,0,0,0,0
480,Joel Ward,,GBR,DF,Crystal Palace,33,33-094,1989,16,14,1295,14.4,0,0,0,0,0,4,0,0,0,0.1,0.1
481,James Ward-Prowse,,GBR,MF,Southampton,28,28-091,1994,20,20,1800,20,5,2,5,0,1,2,0,2.6,1.6,3.8,5.5
482,Ollie Watkins,,GBR,FW,Aston Villa,27,27-032,1995,19,18,1538,17.1,4,4,4,0,0,1,0,5.9,5.9,2.1,8
483,Adam Webster,,GBR,DF,Brighton,28,28-027,1995,14,13,1171,13,0,0,0,0,0,1,0,1.3,1.3,0,1.3
484,Wout Weghorst,,NLD,FW,Manchester Utd,30,30-177,1992,2,2,158,1.8,0,0,0,0,0,0,0,0.1,0.1,0.1,0.2
485,Danny Welbeck,,GBR,FW,Brighton,32,32-066,1990,15,12,1086,12.1,1,2,1,0,0,0,0,4.3,4.3,2.4,6.7
486,Ben White,,GBR,DF,Arsenal,25,25-115,1997,19,19,1509,16.8,0,2,0,0,0,4,0,0.3,0.3,1.1,1.4
487,Harvey White,,GBR,MF,Tottenham,21,21-134,2001,1,0,5,0.1,0,0,0,0,0,0,0,0,0,0,0
488,Neco Williams,,GBR,DF,Nott'ham Forest,21,21-293,2001,20,12,1126,12.5,0,0,0,0,0,3,0,0.9,0.9,1.3,2.3
489,Willian,,BRA,FW,Fulham,34,34-175,1988,14,12,1060,11.8,2,2,2,0,0,0,0,2.2,2.2,1.8,4
490,Joe Willock,,GBR,MF,Newcastle Utd,23,23-164,1999,20,18,1484,16.5,2,2,2,0,0,0,0,3.3,3.3,3.4,6.7
491,Callum Wilson,,GBR,FW,Newcastle Utd,30,30-338,1992,15,13,1038,11.5,6,3,5,1,1,3,0,7.3,6.6,1.4,8
492,Harry Wilson,,GBR,FW,Fulham,25,25-315,1997,12,3,331,3.7,0,0,0,0,0,0,0,1.1,1.1,0.1,1.2
493,Yoane Wissa,,COD,FW,Brentford,26,26-150,1996,20,8,844,9.4,4,1,4,0,0,2,0,3,3,1.4,4.4
494,Maximilian Wöber,,AUT,DF,Leeds United,24,24-361,1998,2,1,115,1.3,0,0,0,0,0,0,0,0.2,0.2,0,0.2
495,Chris Wood,,NZL,FW,Newcastle Utd,31,31-055,1991,18,4,446,5,2,0,1,1,1,0,0,1.8,1,0.3,1.3
496,Chris Wood,,NZL,FW,Nott'ham Forest,31,31-055,1991,1,1,74,0.8,0,0,0,0,0,0,0,0,0,0,0
497,Joe Worrall,,GBR,DF,Nott'ham Forest,26,26-021,1997,16,12,1167,13,0,0,0,0,0,5,0,0.2,0.2,0.5,0.7
498,Granit Xhaka,,CHE,MF,Arsenal,30,30-126,1992,19,19,1616,18,3,5,3,0,0,3,0,2,2,3.7,5.6
499,Ryan Yates,,GBR,MF,Nott'ham Forest,25,25-071,1997,18,16,1392,15.5,0,1,0,0,0,4,0,2.2,2.2,1.1,3.3
500,Ashley Young,,GBR,DF,Aston Villa,37,37-206,1985,16,12,1134,12.6,1,0,1,0,0,3,0,0.2,0.2,0.7,0.9
501,Wilfried Zaha,,CIV,FWMF,Crystal Palace,30,30-082,1992,19,19,1661,18.5,6,2,6,0,2,3,0,5.1,3.3,2.4,5.7
502,Denis Zakaria,,CHE,MF,Chelsea,26,26-072,1996,4,4,286,3.2,0,0,0,0,0,0,0,0.2,0.2,0,0.2
503,Jordan Zemura,,ZIM,DF,Bournemouth,23,23-078,1999,14,12,1037,11.5,0,1,0,0,0,1,0,0.2,0.2,1.4,1.6
504,Oleksandr Zinchenko,,UKR,DF,Arsenal,26,26-047,1996,12,11,901,10,0,1,0,0,0,1,0,0.7,0.7,0.5,1.2
505,Hakim Ziyech,,MAR,FWMF,Chelsea,29,29-318,1993,10,4,428,4.8,0,1,0,0,0,0,0,0.5,0.5,1.2,1.7
506,Kurt Zouma,,FRA,DF,West Ham,28,28-096,1994,15,15,1274,14.2,1,0,1,0,0,0,0,1.1,1.1,0,1.1
507,Martin Ødegaard,,NOR,MF,Arsenal,24,24-045,1998,18,18,1518,16.9,8,5,8,0,0,3,0,5.5,5.5,5,10.4
